[
  {
    "AIRPORTNAME": "대구",
    "AIRPORTCODE": "TAE"
  },
  {
    "AIRPORTNAME": "타이베이",
    "AIRPORTCODE": "TPE"
  },
  {
    "AIRPORTNAME": "하네다",
    "AIRPORTCODE": "HND"
  },
  {
    "AIRPORTNAME": "다낭",
    "AIRPORTCODE": "DAD"
  },
  {
    "AIRPORTNAME": "로마",
    "AIRPORTCODE": "FCO"
  },
  {
    "AIRPORTNAME": "청주",
    "AIRPORTCODE": "CJJ"
  },
  {
    "AIRPORTNAME": "베이징",
    "AIRPORTCODE": "PEK"
  },
  {
    "AIRPORTNAME": "알마티",
    "AIRPORTCODE": "ALA"
  },
  {
    "AIRPORTNAME": "옌지",
    "AIRPORTCODE": "YNJ"
  },
  {
    "AIRPORTNAME": "홍콩",
    "AIRPORTCODE": "HKG"
  },
  {
    "AIRPORTNAME": "제주",
    "AIRPORTCODE": "CJU"
  },
  {
    "AIRPORTNAME": "시드니",
    "AIRPORTCODE": "SYD"
  },
  {
    "AIRPORTNAME": "후쿠오카",
    "AIRPORTCODE": "FUK"
  },
  {
    "AIRPORTNAME": "오키나와",
    "AIRPORTCODE": "OKA"
  },
  {
    "AIRPORTNAME": "도쿄/나리타",
    "AIRPORTCODE": "NRT"
  },
  {
    "AIRPORTNAME": "난징",
    "AIRPORTCODE": "NKG"
  },
  {
    "AIRPORTNAME": "이스탄불",
    "AIRPORTCODE": "IST"
  },
  {
    "AIRPORTNAME": "하얼빈",
    "AIRPORTCODE": "HRB"
  },
  {
    "AIRPORTNAME": "항저우",
    "AIRPORTCODE": "HGH"
  },
  {
    "AIRPORTNAME": "여수",
    "AIRPORTCODE": "RSU"
  },
  {
    "AIRPORTNAME": "오사카",
    "AIRPORTCODE": "KIX"
  },
  {
    "AIRPORTNAME": "나고야",
    "AIRPORTCODE": "NGO"
  },
  {
    "AIRPORTNAME": "프랑크푸르트",
    "AIRPORTCODE": "FRA"
  },
  {
    "AIRPORTNAME": "울란바타르",
    "AIRPORTCODE": "UBN"
  },
  {
    "AIRPORTNAME": "청두",
    "AIRPORTCODE": "CTU"
  },
  {
    "AIRPORTNAME": "뉴욕",
    "AIRPORTCODE": "JFK"
  },
  {
    "AIRPORTNAME": "김포",
    "AIRPORTCODE": "GMP"
  },
  {
    "AIRPORTNAME": "마닐라",
    "AIRPORTCODE": "MNL"
  },
  {
    "AIRPORTNAME": "런던히드로",
    "AIRPORTCODE": "LHR"
  },
  {
    "AIRPORTNAME": "델리",
    "AIRPORTCODE": "DEL"
  },
  {
    "AIRPORTNAME": "선전",
    "AIRPORTCODE": "SZX"
  },
  {
    "AIRPORTNAME": "사이판",
    "AIRPORTCODE": "SPN"
  },
  {
    "AIRPORTNAME": "프놈펜",
    "AIRPORTCODE": "PNH"
  },
  {
    "AIRPORTNAME": "인천",
    "AIRPORTCODE": "ICN"
  },
  {
    "AIRPORTNAME": "광주",
    "AIRPORTCODE": "KWJ"
  },
  {
    "AIRPORTNAME": "파리",
    "AIRPORTCODE": "CDG"
  },
  {
    "AIRPORTNAME": "자카르타",
    "AIRPORTCODE": "CGK"
  },
  {
    "AIRPORTNAME": "푸껫",
    "AIRPORTCODE": "HKT"
  },
  {
    "AIRPORTNAME": "바르셀로나",
    "AIRPORTCODE": "BCN"
  },
  {
    "AIRPORTNAME": "타슈켄트",
    "AIRPORTCODE": "TAS"
  },
  {
    "AIRPORTNAME": "방콕",
    "AIRPORTCODE": "BKK"
  },
  {
    "AIRPORTNAME": "창춘",
    "AIRPORTCODE": "CGQ"
  },
  {
    "AIRPORTNAME": "하노이",
    "AIRPORTCODE": "HAN"
  },
  {
    "AIRPORTNAME": "미야자키",
    "AIRPORTCODE": "KMI"
  },
  {
    "AIRPORTNAME": "호찌민",
    "AIRPORTCODE": "SGN"
  },
  {
    "AIRPORTNAME": "싱가포르",
    "AIRPORTCODE": "SIN"
  },
  {
    "AIRPORTNAME": "삿포로",
    "AIRPORTCODE": "CTS"
  },
  {
    "AIRPORTNAME": "상하이/푸동",
    "AIRPORTCODE": "PVG"
  },
  {
    "AIRPORTNAME": "로스앤젤레스",
    "AIRPORTCODE": "LAX"
  },
  {
    "AIRPORTNAME": "샌프란시스코",
    "AIRPORTCODE": "SFO"
  },
  {
    "AIRPORTNAME": "시애틀",
    "AIRPORTCODE": "SEA"
  },
  {
    "AIRPORTNAME": "호놀룰루",
    "AIRPORTCODE": "HNL"
  }
]