[
  {
    "DEPNAME": "광주",
    "DEPCODE": "KWJ",
    "ARRNAME": "김포",
    "ARRCODE": "GMP",
    "PRICE": 80300
  },
  {
    "DEPNAME": "광주",
    "DEPCODE": "KWJ",
    "ARRNAME": "제주",
    "ARRCODE": "CJU",
    "PRICE": 77300
  },
  {
    "DEPNAME": "김포",
    "DEPCODE": "GMP",
    "ARRNAME": "광주",
    "ARRCODE": "KWJ",
    "PRICE": 104300
  },
  {
    "DEPNAME": "김포",
    "DEPCODE": "GMP",
    "ARRNAME": "여수",
    "ARRCODE": "RSU",
    "PRICE": 91300
  },
  {
    "DEPNAME": "김포",
    "DEPCODE": "GMP",
    "ARRNAME": "오사카",
    "ARRCODE": "KIX",
    "PRICE": 352300
  },
  {
    "DEPNAME": "김포",
    "DEPCODE": "GMP",
    "ARRNAME": "제주",
    "ARRCODE": "CJU",
    "PRICE": 107300
  },
  {
    "DEPNAME": "김포",
    "DEPCODE": "GMP",
    "ARRNAME": "하네다",
    "ARRCODE": "HND",
    "PRICE": 410000
  },
  {
    "DEPNAME": "나고야",
    "DEPCODE": "NGO",
    "ARRNAME": "인천",
    "ARRCODE": "ICN",
    "PRICE": 363500
  },
  {
    "DEPNAME": "난징",
    "DEPCODE": "NKG",
    "ARRNAME": "인천",
    "ARRCODE": "ICN",
    "PRICE": 411600
  },
  {
    "DEPNAME": "뉴욕",
    "DEPCODE": "JFK",
    "ARRNAME": "인천",
    "ARRCODE": "ICN",
    "PRICE": 1931000
  },
  {
    "DEPNAME": "다낭",
    "DEPCODE": "DAD",
    "ARRNAME": "인천",
    "ARRCODE": "ICN",
    "PRICE": 539000
  },
  {
    "DEPNAME": "대구",
    "DEPCODE": "TAE",
    "ARRNAME": "제주",
    "ARRCODE": "CJU",
    "PRICE": 120300
  },
  {
    "DEPNAME": "델리",
    "DEPCODE": "DEL",
    "ARRNAME": "인천",
    "ARRCODE": "ICN",
    "PRICE": 874400
  },
  {
    "DEPNAME": "도쿄/나리타",
    "DEPCODE": "NRT",
    "ARRNAME": "인천",
    "ARRCODE": "ICN",
    "PRICE": 353900
  },
  {
    "DEPNAME": "런던히드로",
    "DEPCODE": "LHR",
    "ARRNAME": "인천",
    "ARRCODE": "ICN",
    "PRICE": 2093800
  },
  {
    "DEPNAME": "로마",
    "DEPCODE": "FCO",
    "ARRNAME": "인천",
    "ARRCODE": "ICN",
    "PRICE": 1741800
  },
  {
    "DEPNAME": "마닐라",
    "DEPCODE": "MNL",
    "ARRNAME": "인천",
    "ARRCODE": "ICN",
    "PRICE": 432900
  },
  {
    "DEPNAME": "미야자키",
    "DEPCODE": "KMI",
    "ARRNAME": "인천",
    "ARRCODE": "ICN",
    "PRICE": 311000
  },
  {
    "DEPNAME": "바르셀로나",
    "DEPCODE": "BCN",
    "ARRNAME": "인천",
    "ARRCODE": "ICN",
    "PRICE": 1537000
  },
  {
    "DEPNAME": "방콕",
    "DEPCODE": "BKK",
    "ARRNAME": "인천",
    "ARRCODE": "ICN",
    "PRICE": 739100
  },
  {
    "DEPNAME": "베이징",
    "DEPCODE": "PEK",
    "ARRNAME": "인천",
    "ARRCODE": "ICN",
    "PRICE": 358300
  },
  {
    "DEPNAME": "삿포로",
    "DEPCODE": "CTS",
    "ARRNAME": "인천",
    "ARRCODE": "ICN",
    "PRICE": 476300
  },
  {
    "DEPNAME": "시드니",
    "DEPCODE": "SYD",
    "ARRNAME": "인천",
    "ARRCODE": "ICN",
    "PRICE": 1238000
  },
  {
    "DEPNAME": "싱가포르",
    "DEPCODE": "SIN",
    "ARRNAME": "인천",
    "ARRCODE": "ICN",
    "PRICE": 784500
  },
  {
    "DEPNAME": "알마티",
    "DEPCODE": "ALA",
    "ARRNAME": "인천",
    "ARRCODE": "ICN",
    "PRICE": 819800
  },
  {
    "DEPNAME": "여수",
    "DEPCODE": "RSU",
    "ARRNAME": "김포",
    "ARRCODE": "GMP",
    "PRICE": 115300
  },
  {
    "DEPNAME": "여수",
    "DEPCODE": "RSU",
    "ARRNAME": "제주",
    "ARRCODE": "CJU",
    "PRICE": 99300
  },
  {
    "DEPNAME": "옌지",
    "DEPCODE": "YNJ",
    "ARRNAME": "인천",
    "ARRCODE": "ICN",
    "PRICE": 328500
  },
  {
    "DEPNAME": "오사카",
    "DEPCODE": "KIX",
    "ARRNAME": "김포",
    "ARRCODE": "GMP",
    "PRICE": 360000
  },
  {
    "DEPNAME": "오사카",
    "DEPCODE": "KIX",
    "ARRNAME": "인천",
    "ARRCODE": "ICN",
    "PRICE": 360000
  },
  {
    "DEPNAME": "오키나와",
    "DEPCODE": "OKA",
    "ARRNAME": "인천",
    "ARRCODE": "ICN",
    "PRICE": 430000
  },
  {
    "DEPNAME": "울란바타르",
    "DEPCODE": "UBN",
    "ARRNAME": "인천",
    "ARRCODE": "ICN",
    "PRICE": 433400
  },
  {
    "DEPNAME": "이스탄불",
    "DEPCODE": "IST",
    "ARRNAME": "인천",
    "ARRCODE": "ICN",
    "PRICE": 1195000
  },
  {
    "DEPNAME": "인천",
    "DEPCODE": "ICN",
    "ARRNAME": "나고야",
    "ARRCODE": "NGO",
    "PRICE": 377900
  },
  {
    "DEPNAME": "인천",
    "DEPCODE": "ICN",
    "ARRNAME": "난징",
    "ARRCODE": "NKG",
    "PRICE": 423400
  },
  {
    "DEPNAME": "인천",
    "DEPCODE": "ICN",
    "ARRNAME": "뉴욕",
    "ARRCODE": "JFK",
    "PRICE": 1968000
  },
  {
    "DEPNAME": "인천",
    "DEPCODE": "ICN",
    "ARRNAME": "런던히드로",
    "ARRCODE": "LHR",
    "PRICE": 1891800
  },
  {
    "DEPNAME": "인천",
    "DEPCODE": "ICN",
    "ARRNAME": "로마",
    "ARRCODE": "FCO",
    "PRICE": 1716800
  },
  {
    "DEPNAME": "인천",
    "DEPCODE": "ICN",
    "ARRNAME": "델리",
    "ARRCODE": "DEL",
    "PRICE": 724200
  },
  {
    "DEPNAME": "인천",
    "DEPCODE": "ICN",
    "ARRNAME": "도쿄/나리타",
    "ARRCODE": "NRT",
    "PRICE": 410100
  },
  {
    "DEPNAME": "인천",
    "DEPCODE": "ICN",
    "ARRNAME": "로스앤젤레스",
    "ARRCODE": "LAX",
    "PRICE": 1558000
  },
  {
    "DEPNAME": "인천",
    "DEPCODE": "ICN",
    "ARRNAME": "마닐라",
    "ARRCODE": "MNL",
    "PRICE": 448000
  },
  {
    "DEPNAME": "인천",
    "DEPCODE": "ICN",
    "ARRNAME": "미야자키",
    "ARRCODE": "KMI",
    "PRICE": 330000
  },
  {
    "DEPNAME": "인천",
    "DEPCODE": "ICN",
    "ARRNAME": "방콕",
    "ARRCODE": "BKK",
    "PRICE": 741300
  },
  {
    "DEPNAME": "인천",
    "DEPCODE": "ICN",
    "ARRNAME": "베이징",
    "ARRCODE": "PEK",
    "PRICE": 370100
  },
  {
    "DEPNAME": "인천",
    "DEPCODE": "ICN",
    "ARRNAME": "삿포로",
    "ARRCODE": "CTS",
    "PRICE": 426700
  },
  {
    "DEPNAME": "인천",
    "DEPCODE": "ICN",
    "ARRNAME": "샌프란시스코",
    "ARRCODE": "SFO",
    "PRICE": 1508000
  },
  {
    "DEPNAME": "인천",
    "DEPCODE": "ICN",
    "ARRNAME": "시드니",
    "ARRCODE": "SYD",
    "PRICE": 1215400
  },
  {
    "DEPNAME": "인천",
    "DEPCODE": "ICN",
    "ARRNAME": "시애틀",
    "ARRCODE": "SEA",
    "PRICE": 1509500
  },
  {
    "DEPNAME": "인천",
    "DEPCODE": "ICN",
    "ARRNAME": "싱가포르",
    "ARRCODE": "SIN",
    "PRICE": 764800
  },
  {
    "DEPNAME": "인천",
    "DEPCODE": "ICN",
    "ARRNAME": "알마티",
    "ARRCODE": "ALA",
    "PRICE": 838100
  },
  {
    "DEPNAME": "인천",
    "DEPCODE": "ICN",
    "ARRNAME": "옌지",
    "ARRCODE": "YNJ",
    "PRICE": 340300
  },
  {
    "DEPNAME": "인천",
    "DEPCODE": "ICN",
    "ARRNAME": "오사카",
    "ARRCODE": "KIX",
    "PRICE": 352300
  },
  {
    "DEPNAME": "인천",
    "DEPCODE": "ICN",
    "ARRNAME": "오키나와",
    "ARRCODE": "OKA",
    "PRICE": 440600
  },
  {
    "DEPNAME": "인천",
    "DEPCODE": "ICN",
    "ARRNAME": "울란바타르",
    "ARRCODE": "UBN",
    "PRICE": 422900
  },
  {
    "DEPNAME": "인천",
    "DEPCODE": "ICN",
    "ARRNAME": "자카르타",
    "ARRCODE": "CGK",
    "PRICE": 696200
  },
  {
    "DEPNAME": "인천",
    "DEPCODE": "ICN",
    "ARRNAME": "창춘",
    "ARRCODE": "CGQ",
    "PRICE": 462200
  },
  {
    "DEPNAME": "인천",
    "DEPCODE": "ICN",
    "ARRNAME": "청두",
    "ARRCODE": "CTU",
    "PRICE": 347800
  },
  {
    "DEPNAME": "인천",
    "DEPCODE": "ICN",
    "ARRNAME": "타슈켄트",
    "ARRCODE": "TAS",
    "PRICE": 720200
  },
  {
    "DEPNAME": "인천",
    "DEPCODE": "ICN",
    "ARRNAME": "파리",
    "ARRCODE": "CDG",
    "PRICE": 1716800
  },
  {
    "DEPNAME": "인천",
    "DEPCODE": "ICN",
    "ARRNAME": "상하이/푸동",
    "ARRCODE": "PVG",
    "PRICE": 360100
  },
  {
    "DEPNAME": "인천",
    "DEPCODE": "ICN",
    "ARRNAME": "프놈펜",
    "ARRCODE": "PNH",
    "PRICE": 778500
  },
  {
    "DEPNAME": "인천",
    "DEPCODE": "ICN",
    "ARRNAME": "프랑크푸르트",
    "ARRCODE": "FRA",
    "PRICE": 1891800
  },
  {
    "DEPNAME": "인천",
    "DEPCODE": "ICN",
    "ARRNAME": "하노이",
    "ARRCODE": "HAN",
    "PRICE": 533000
  },
  {
    "DEPNAME": "인천",
    "DEPCODE": "ICN",
    "ARRNAME": "하얼빈",
    "ARRCODE": "HRB",
    "PRICE": 380100
  },
  {
    "DEPNAME": "인천",
    "DEPCODE": "ICN",
    "ARRNAME": "항저우",
    "ARRCODE": "HGH",
    "PRICE": 405900
  },
  {
    "DEPNAME": "인천",
    "DEPCODE": "ICN",
    "ARRNAME": "호놀룰루",
    "ARRCODE": "HNL",
    "PRICE": 1379800
  },
  {
    "DEPNAME": "인천",
    "DEPCODE": "ICN",
    "ARRNAME": "호찌민",
    "ARRCODE": "SGN",
    "PRICE": 544800
  },
  {
    "DEPNAME": "인천",
    "DEPCODE": "ICN",
    "ARRNAME": "후쿠오카",
    "ARRCODE": "FUK",
    "PRICE": 278600
  },
  {
    "DEPNAME": "자카르타",
    "DEPCODE": "CGK",
    "ARRNAME": "인천",
    "ARRCODE": "ICN",
    "PRICE": 690600
  },
  {
    "DEPNAME": "제주",
    "DEPCODE": "CJU",
    "ARRNAME": "광주",
    "ARRCODE": "KWJ",
    "PRICE": 100300
  },
  {
    "DEPNAME": "제주",
    "DEPCODE": "CJU",
    "ARRNAME": "김포",
    "ARRCODE": "GMP",
    "PRICE": 138300
  },
  {
    "DEPNAME": "제주",
    "DEPCODE": "CJU",
    "ARRNAME": "대구",
    "ARRCODE": "TAE",
    "PRICE": 92300
  },
  {
    "DEPNAME": "제주",
    "DEPCODE": "CJU",
    "ARRNAME": "여수",
    "ARRCODE": "RSU",
    "PRICE": 78300
  },
  {
    "DEPNAME": "제주",
    "DEPCODE": "CJU",
    "ARRNAME": "청주",
    "ARRCODE": "CJJ",
    "PRICE": 94300
  },
  {
    "DEPNAME": "창춘",
    "DEPCODE": "CGQ",
    "ARRNAME": "인천",
    "ARRCODE": "ICN",
    "PRICE": 449100
  },
  {
    "DEPNAME": "청두",
    "DEPCODE": "CTU",
    "ARRNAME": "인천",
    "ARRCODE": "ICN",
    "PRICE": 294600
  },
  {
    "DEPNAME": "청주",
    "DEPCODE": "CJJ",
    "ARRNAME": "제주",
    "ARRCODE": "CJU",
    "PRICE": 123300
  },
  {
    "DEPNAME": "타슈켄트",
    "DEPCODE": "TAS",
    "ARRNAME": "인천",
    "ARRCODE": "ICN",
    "PRICE": 723100
  },
  {
    "DEPNAME": "타이베이",
    "DEPCODE": "TPE",
    "ARRNAME": "인천",
    "ARRCODE": "ICN",
    "PRICE": 472000
  },
  {
    "DEPNAME": "파리",
    "DEPCODE": "CDG",
    "ARRNAME": "인천",
    "ARRCODE": "ICN",
    "PRICE": 1772700
  },
  {
    "DEPNAME": "프놈펜",
    "DEPCODE": "PNH",
    "ARRNAME": "인천",
    "ARRCODE": "ICN",
    "PRICE": 622700
  },
  {
    "DEPNAME": "프랑크푸르트",
    "DEPCODE": "FRA",
    "ARRNAME": "인천",
    "ARRCODE": "ICN",
    "PRICE": 2016400
  },
  {
    "DEPNAME": "하네다",
    "DEPCODE": "HND",
    "ARRNAME": "김포",
    "ARRCODE": "GMP",
    "PRICE": 416500
  },
  {
    "DEPNAME": "하노이",
    "DEPCODE": "HAN",
    "ARRNAME": "인천",
    "ARRCODE": "ICN",
    "PRICE": 540500
  },
  {
    "DEPNAME": "하얼빈",
    "DEPCODE": "HRB",
    "ARRNAME": "인천",
    "ARRCODE": "ICN",
    "PRICE": 368300
  },
  {
    "DEPNAME": "상하이/푸동",
    "DEPCODE": "PVG",
    "ARRNAME": "인천",
    "ARRCODE": "ICN",
    "PRICE": 348300
  },
  {
    "DEPNAME": "항저우",
    "DEPCODE": "HGH",
    "ARRNAME": "인천",
    "ARRCODE": "ICN",
    "PRICE": 394100
  },
  {
    "DEPNAME": "호찌민",
    "DEPCODE": "SGN",
    "ARRNAME": "인천",
    "ARRCODE": "ICN",
    "PRICE": 545700
  },
  {
    "DEPNAME": "홍콩",
    "DEPCODE": "HKG",
    "ARRNAME": "인천",
    "ARRCODE": "ICN",
    "PRICE": 430500
  },
  {
    "DEPNAME": "후쿠오카",
    "DEPCODE": "FUK",
    "ARRNAME": "인천",
    "ARRCODE": "ICN",
    "PRICE": 267900
  },
  {
    "DEPNAME": "푸껫",
    "DEPCODE": "HKT",
    "ARRNAME": "인천",
    "ARRCODE": "ICN",
    "PRICE": 759000
  },
  {
    "DEPNAME": "인천",
    "DEPCODE": "ICN",
    "ARRNAME": "푸껫",
    "ARRCODE": "HKT",
    "PRICE": 735500
  },
  {
    "DEPNAME": "선전",
    "DEPCODE": "SZX",
    "ARRNAME": "인천",
    "ARRCODE": "ICN",
    "PRICE": 458400
  },
  {
    "DEPNAME": "인천",
    "DEPCODE": "ICN",
    "ARRNAME": "선전",
    "ARRCODE": "SZX",
    "PRICE": 433000
  },
  {
    "DEPNAME": "사이판",
    "DEPCODE": "SPN",
    "ARRNAME": "인천",
    "ARRCODE": "ICN",
    "PRICE": 415000
  },
  {
    "DEPNAME": "인천",
    "DEPCODE": "ICN",
    "ARRNAME": "사이판",
    "ARRCODE": "SPN",
    "PRICE": 389000
  }
]