[
  {
    "REGION": "한국",
    "REGIONCODE": 1
  },
  {
    "REGION": "동북아시아",
    "REGIONCODE": 2
  },
  {
    "REGION": "동남아시아/서남아시아",
    "REGIONCODE": 3
  },
  {
    "REGION": "몽골/중앙아시아",
    "REGIONCODE": 4
  },
  {
    "REGION": "유럽",
    "REGIONCODE": 5
  },
  {
    "REGION": "미주(미국,캐나다,중남미)",
    "REGIONCODE": 6
  },
  {
    "REGION": "대양주/사이판/필리핀",
    "REGIONCODE": 7
  },
  {
    "REGION": "중동/아프리카",
    "REGIONCODE": 8
  }
]